{"cameraMode":{"drawMode":0,"name":"Shaded","section":"Shading Mode"},"sceneLighting":true,"audioPlay":false,"sceneViewState":{"m_AlwaysRefresh":false,"showFog":true,"showSkybox":true,"showFlares":true,"showImageEffects":true,"showParticleSystems":true,"showVisualEffectGraphs":true,"m_FxEnabled":true},"in2DMode":false,"pivot":{"x":0.6116470694541931,"y":0.41377902030944826,"z":-0.07360810041427612},"rotation":{"x":0.22213201224803925,"y":0.1801452785730362,"z":-0.04180062189698219,"w":0.95732182264328},"size":0.6519153714179993,"orthographic":true}