{"cameraMode":{"drawMode":0,"name":"Shaded","section":"Shading Mode"},"sceneLighting":false,"audioPlay":false,"sceneViewState":{"m_AlwaysRefresh":false,"showFog":true,"showSkybox":false,"showFlares":true,"showImageEffects":true,"showParticleSystems":true,"showVisualEffectGraphs":true,"m_FxEnabled":true},"in2DMode":false,"pivot":{"x":34.04464340209961,"y":46.451210021972659,"z":19.436738967895509},"rotation":{"x":0.46563100814819338,"y":0.021235749125480653,"z":-0.01117747463285923,"w":0.8846522569656372},"size":1.2247449159622193,"orthographic":true}