{"cameraMode":{"drawMode":0,"name":"Shaded","section":"Shading Mode"},"sceneLighting":false,"audioPlay":false,"sceneViewState":{"m_AlwaysRefresh":false,"showFog":true,"showSkybox":false,"showFlares":true,"showImageEffects":true,"showParticleSystems":true,"showVisualEffectGraphs":true,"m_FxEnabled":true},"in2DMode":false,"pivot":{"x":10.461252212524414,"y":2.802812337875366,"z":10.619830131530762},"rotation":{"x":0.11712994426488877,"y":-0.8687440156936646,"z":0.24605301022529603,"w":0.413556843996048},"size":4.7290730476379398,"orthographic":true}